"HITId","HITTypeId","Title","Description","Keywords","Reward","CreationTime","MaxAssignments","RequesterAnnotation","AssignmentDurationInSeconds","AutoApprovalDelayInSeconds","Expiration","NumberOfSimilarHITs","LifetimeInSeconds","AssignmentId","WorkerId","AssignmentStatus","AcceptTime","SubmitTime","AutoApprovalTime","ApprovalTime","RejectionTime","RequesterFeedback","WorkTimeInSeconds","Input.lang_pair","Input.seg_id1","Input.tag1","Input.seg1","Input.img_url1","Input.machine_translation1","Input.seg_id2","Input.tag2","Input.seg2","Input.img_url2","Input.machine_translation2","Input.seg_id3","Input.tag3","Input.seg3","Input.img_url3","Input.machine_translation3","Input.seg_id4","Input.tag4","Input.seg4","Input.img_url4","Input.machine_translation4","Input.seg_id5","Input.tag5","Input.seg5","Input.img_url5","Input.machine_translation5","Input.seg_id6","Input.tag6","Input.seg6","Input.img_url6","Input.machine_translation6","Input.seg_id7","Input.tag7","Input.seg7","Input.img_url7","Input.machine_translation7","Input.seg_id8","Input.tag8","Input.seg8","Input.img_url8","Input.machine_translation8","Input.seg_id9","Input.tag9","Input.seg9","Input.img_url9","Input.machine_translation9","Input.seg_id10","Input.tag10","Input.seg10","Input.img_url10","Input.machine_translation10","Answer.city","Answer.years_speaking_urdu","Answer.region","Answer.comment","Answer.years_speaking_english","Answer.is_native_urdu_speaker","Answer.browserInfo","Answer.country","Answer.translation1","Answer.can_translate_into_urdu","Answer.translation2","Answer.ipAddress","Answer.translation3","Answer.translation4","Answer.userDisplayLanguage","Answer.translation5","Answer.translation10","Answer.translation6","Answer.translation7","Answer.is_native_english_speaker","Answer.translation8","Answer.translation9","Approve","Reject"
"1CZ8W2BH2DAHTR580Y8HXRLFQL01AC","1ROKS94GC46Y4P5VZP86HKLCVEQUMX","Urdu to English Translation","Translate 10 Urdu sentences into English","Urdu, English, translation, writing, Wikipedia, WikiTrans, machine translation, research","$1.00","Thu Mar 04 05:23:24 GMT 2010","4","","86400","604800","Thu Mar 11 12:56:44 GMT 2010","0","","1CZ4TABDJAAY5AASKW6CJ45XDY8IKY","A853X5VNA2TEK","Rejected","Thu Mar 04 07:23:30 GMT 2010","Thu Mar 04 07:27:50 GMT 2010","Thu Mar 11 07:27:50 GMT 2010","","2010/03/04 12:56:43 +0000","","260","ur-en","BBC_URD_20090102.0020__1","hl","فرانس کی تجویز کی حمایت","http://cs.jhu.edu/~ccb/wikitrans/ur/2010-03-03T2323/txt_img/BBC_URD_20090102.0020__1.png","Support of France&#39;s Recommendation","BBC_URD_20090102.0020__2","seg","کمیٹی کا اجلاس جمعہ کے روز پارلیمنٹ ہاؤس میں کمیٹی کے چیئرمین مشاہد حسین سید کی سربراہی میں ہوا جس میں حکو مت کو یہ تجویز دی گئی کہ وہ امدادی اشیاء کے علاوہ تمام سیاسی جماعتوں کے نمائندوں کا ایک پارلیمانی وفد فلسطین بھیجے۔","http://cs.jhu.edu/~ccb/wikitrans/ur/2010-03-03T2323/txt_img/BBC_URD_20090102.0020__2.png","The Committee meeting was held in Parliament House on Friday under the direction of Committee Chairman Mushahid Hussain Sayed&#44; wherein it was recommended to the government that&#44; in addition to sending relief supplies&#44; it should also send a parliamentary delegation of the representatives of all political parties to Palestine.","BBC_URD_20090102.0020__3","seg","اجلاس کے بعد میڈیا کے نمائندوں سے گفتگو کرتے ہوئے مشاہد حسین سید نے کہا کہ کمیٹی نے فرانس کی طرف سے دی جانے والی تجویز کا خیرمقدم کیا ہے جس میں کہا گیا ہے کہ اسرائیل فوری طور پر جنگ بندی  کرے اور اس کے علاوہ غزہ میں متاثرہ افراد کے لیے امدادی کاموں کی اجازت دے۔","http://cs.jhu.edu/~ccb/wikitrans/ur/2010-03-03T2323/txt_img/BBC_URD_20090102.0020__3.png","After the meeting&#44; Mushahid Hussain Sayed&#44; while talking to the representative of the media&#44; said the Committee has welcomed France&#39;s recommendation that Israel immediately call a ceasefire and permit relief activities for victims in Gaza.","BBC_URD_20090102.0020__4","seg","انہوں نے اسرائیل کی طرف سے فسلطینیوں پر حملے کو انسانیت کے خلاف جرم قرار دیتے ہوئے کہا کہ تمام ممالک کو ان حملوں کی مذمت کرنی چاہیے","http://cs.jhu.edu/~ccb/wikitrans/ur/2010-03-03T2323/txt_img/BBC_URD_20090102.0020__4.png","Declaring Israel&#39;s attack on Palestinians a crime against humanity&#44; he said that all countries should condemn these attacks.","BBC_URD_20090102.0020__5","seg","مشاہد حسین نے دنیا کے ممالک کے دوہرے معیار کو تنقید کا نشانہ بناتے ہوئے کہا کہ جو لوگ دہشت گردی کے خلاف بات کرتے ہیں لیکن وہ اب اسرائیل کی طرف سے فلسطینیوں پر ہونے والے حملوں پر کیوں خاموش ہیں۔","http://cs.jhu.edu/~ccb/wikitrans/ur/2010-03-03T2323/txt_img/BBC_URD_20090102.0020__5.png","Targeting his criticism against their double standard&#44; Mushahid Hussain questioned the silence of those who speak out against terrorism about Israel&#39;s attacks on Palestinians.","BBC_URD_20090102.0020__6","seg","خارجہ امور کے بارے میں سینیٹ کی قائمہ کمیٹی کے چیئرمین نے فسلطین کے مسلے پر اُمت مسلہ کے لیڈروں کے سردمہر روئیے کو بھی تنقید کا نشانہ بنایا۔","http://cs.jhu.edu/~ccb/wikitrans/ur/2010-03-03T2323/txt_img/BBC_URD_20090102.0020__6.png","The Chairman of the Senate Standing Committee on Foreign Affairs also criticized the apathetic behavior of Muslim leaders on the problem in Palestine.","BBC_URD_20090102.0020__7","seg","انہوں نے کہا کہ کمیٹی نے اس اُمید کا اظہار کیا ہے کہ امریکہ کے نومنتخب صدر بارک اُبامہ اپنی حکومت کے پہلے ایک سو دنوں کے دوران مسلم اُمہ سے خطاب کریں گے تاکہ امریکہ اور مسلم اُمہ کے درمیان پیدا ہونے والی خلیج کو ختم کیا جاسکے۔","http://cs.jhu.edu/~ccb/wikitrans/ur/2010-03-03T2323/txt_img/BBC_URD_20090102.0020__7.png","He said that the committee is hopeful that the newly elected American president Barack Obama will address the Muslim world during his first 100 days in office so that the gulf between America and the Muslim world can be bridged.","BBC_URD_20090102.0020__8","seg","مشاہد حسین سید نے کہا کہ مسلم اُمہ اور مغرب کے درمیان پیدا ہونے والے خلاء کو پُر کرنے کے لیے نہ صرف ہنگامی اقدامات کیے جائیں بلکہ کشمیر اور فلسطین جیسے دیرینہ مسائل حل کیے جائیں۔","http://cs.jhu.edu/~ccb/wikitrans/ur/2010-03-03T2323/txt_img/BBC_URD_20090102.0020__8.png","Mushahid Hussain Sayed said that&#44; not only should emergency steps be taken to fill the gap between the Muslim world and the West&#44; but also old problems like those of Kashmir and Palestine should also be solved.","BBC_URD_20090102.0020__9","seg","خارجہ امور کے وزیر مملکت ملک عماد خان نے کمیٹی کو بتایا کہ وہ اسلامی ملکوں کی تنظیم کے وزراء خارجہ کے اجلاس میں شرکت کے لیے سعودی عرب جا رہے ہیں۔","http://cs.jhu.edu/~ccb/wikitrans/ur/2010-03-03T2323/txt_img/BBC_URD_20090102.0020__9.png","Malik Amad Khan&#44; Minister of State for Foreign Affairs&#44; told the Committee that he is going to Saudi Arabia to attend the meeting of foreign ministers for the Organization of Islamic Countries.","BBC_URD_20090102.0020__10","seg","یہ ہنگامی  اجلاس  اسرائیل کی طرف سے فسلطین پر ہونے والے حملوں  کے نتیجے میں طلب کیا گیا ہے۔ انہوں نے کہا کہ فلسطین کے مسلے سے باخبر ہے اور اس ضمن میں حکومت دوسرے ملکوں کے لیڈروں کے ساتھ رابطے میں ہے۔","http://cs.jhu.edu/~ccb/wikitrans/ur/2010-03-03T2323/txt_img/BBC_URD_20090102.0020__10.png","This emergency meeting has been called as a result of Israel&#39;s attacks on Palestine. He said that the government is aware of the Palestine issue and is in contact with the leaders of other countries about it.","Dehra Dun","","Uttaranchal","","","","Mozilla/4.0 (compatible; MSIE 8.0; Windows NT 5.1; Trident/4.0; GTB0.0)","India","Translation of the first sentence goes here.","","Translation of the second sentence goes here.","","","","undefined","","","","","","",""
"1CZ8W2BH2DAHTR580Y8HXRLFQL01AC","1ROKS94GC46Y4P5VZP86HKLCVEQUMX","Urdu to English Translation","Translate 10 Urdu sentences into English","Urdu, English, translation, writing, Wikipedia, WikiTrans, machine translation, research","$1.00","Thu Mar 04 05:23:24 GMT 2010","4","","86400","604800","Thu Mar 11 12:56:44 GMT 2010","0","","1KTQZ9CN5GAADTDZRWUV6FK0DF8290","A353OCL6LM6M4O","Approved","Wed Mar 10 05:39:29 GMT 2010","Thu Mar 11 00:33:55 GMT 2010","Thu Mar 18 00:33:55 GMT 2010","2010/03/12 12:18:20 +0000","","","68066","ur-en","BBC_URD_20090102.0020__1","hl","فرانس کی تجویز کی حمایت","http://cs.jhu.edu/~ccb/wikitrans/ur/2010-03-03T2323/txt_img/BBC_URD_20090102.0020__1.png","Support of France&#39;s Recommendation","BBC_URD_20090102.0020__2","seg","کمیٹی کا اجلاس جمعہ کے روز پارلیمنٹ ہاؤس میں کمیٹی کے چیئرمین مشاہد حسین سید کی سربراہی میں ہوا جس میں حکو مت کو یہ تجویز دی گئی کہ وہ امدادی اشیاء کے علاوہ تمام سیاسی جماعتوں کے نمائندوں کا ایک پارلیمانی وفد فلسطین بھیجے۔","http://cs.jhu.edu/~ccb/wikitrans/ur/2010-03-03T2323/txt_img/BBC_URD_20090102.0020__2.png","The Committee meeting was held in Parliament House on Friday under the direction of Committee Chairman Mushahid Hussain Sayed&#44; wherein it was recommended to the government that&#44; in addition to sending relief supplies&#44; it should also send a parliamentary delegation of the representatives of all political parties to Palestine.","BBC_URD_20090102.0020__3","seg","اجلاس کے بعد میڈیا کے نمائندوں سے گفتگو کرتے ہوئے مشاہد حسین سید نے کہا کہ کمیٹی نے فرانس کی طرف سے دی جانے والی تجویز کا خیرمقدم کیا ہے جس میں کہا گیا ہے کہ اسرائیل فوری طور پر جنگ بندی  کرے اور اس کے علاوہ غزہ میں متاثرہ افراد کے لیے امدادی کاموں کی اجازت دے۔","http://cs.jhu.edu/~ccb/wikitrans/ur/2010-03-03T2323/txt_img/BBC_URD_20090102.0020__3.png","After the meeting&#44; Mushahid Hussain Sayed&#44; while talking to the representative of the media&#44; said the Committee has welcomed France&#39;s recommendation that Israel immediately call a ceasefire and permit relief activities for victims in Gaza.","BBC_URD_20090102.0020__4","seg","انہوں نے اسرائیل کی طرف سے فسلطینیوں پر حملے کو انسانیت کے خلاف جرم قرار دیتے ہوئے کہا کہ تمام ممالک کو ان حملوں کی مذمت کرنی چاہیے","http://cs.jhu.edu/~ccb/wikitrans/ur/2010-03-03T2323/txt_img/BBC_URD_20090102.0020__4.png","Declaring Israel&#39;s attack on Palestinians a crime against humanity&#44; he said that all countries should condemn these attacks.","BBC_URD_20090102.0020__5","seg","مشاہد حسین نے دنیا کے ممالک کے دوہرے معیار کو تنقید کا نشانہ بناتے ہوئے کہا کہ جو لوگ دہشت گردی کے خلاف بات کرتے ہیں لیکن وہ اب اسرائیل کی طرف سے فلسطینیوں پر ہونے والے حملوں پر کیوں خاموش ہیں۔","http://cs.jhu.edu/~ccb/wikitrans/ur/2010-03-03T2323/txt_img/BBC_URD_20090102.0020__5.png","Targeting his criticism against their double standard&#44; Mushahid Hussain questioned the silence of those who speak out against terrorism about Israel&#39;s attacks on Palestinians.","BBC_URD_20090102.0020__6","seg","خارجہ امور کے بارے میں سینیٹ کی قائمہ کمیٹی کے چیئرمین نے فسلطین کے مسلے پر اُمت مسلہ کے لیڈروں کے سردمہر روئیے کو بھی تنقید کا نشانہ بنایا۔","http://cs.jhu.edu/~ccb/wikitrans/ur/2010-03-03T2323/txt_img/BBC_URD_20090102.0020__6.png","The Chairman of the Senate Standing Committee on Foreign Affairs also criticized the apathetic behavior of Muslim leaders on the problem in Palestine.","BBC_URD_20090102.0020__7","seg","انہوں نے کہا کہ کمیٹی نے اس اُمید کا اظہار کیا ہے کہ امریکہ کے نومنتخب صدر بارک اُبامہ اپنی حکومت کے پہلے ایک سو دنوں کے دوران مسلم اُمہ سے خطاب کریں گے تاکہ امریکہ اور مسلم اُمہ کے درمیان پیدا ہونے والی خلیج کو ختم کیا جاسکے۔","http://cs.jhu.edu/~ccb/wikitrans/ur/2010-03-03T2323/txt_img/BBC_URD_20090102.0020__7.png","He said that the committee is hopeful that the newly elected American president Barack Obama will address the Muslim world during his first 100 days in office so that the gulf between America and the Muslim world can be bridged.","BBC_URD_20090102.0020__8","seg","مشاہد حسین سید نے کہا کہ مسلم اُمہ اور مغرب کے درمیان پیدا ہونے والے خلاء کو پُر کرنے کے لیے نہ صرف ہنگامی اقدامات کیے جائیں بلکہ کشمیر اور فلسطین جیسے دیرینہ مسائل حل کیے جائیں۔","http://cs.jhu.edu/~ccb/wikitrans/ur/2010-03-03T2323/txt_img/BBC_URD_20090102.0020__8.png","Mushahid Hussain Sayed said that&#44; not only should emergency steps be taken to fill the gap between the Muslim world and the West&#44; but also old problems like those of Kashmir and Palestine should also be solved.","BBC_URD_20090102.0020__9","seg","خارجہ امور کے وزیر مملکت ملک عماد خان نے کمیٹی کو بتایا کہ وہ اسلامی ملکوں کی تنظیم کے وزراء خارجہ کے اجلاس میں شرکت کے لیے سعودی عرب جا رہے ہیں۔","http://cs.jhu.edu/~ccb/wikitrans/ur/2010-03-03T2323/txt_img/BBC_URD_20090102.0020__9.png","Malik Amad Khan&#44; Minister of State for Foreign Affairs&#44; told the Committee that he is going to Saudi Arabia to attend the meeting of foreign ministers for the Organization of Islamic Countries.","BBC_URD_20090102.0020__10","seg","یہ ہنگامی  اجلاس  اسرائیل کی طرف سے فسلطین پر ہونے والے حملوں  کے نتیجے میں طلب کیا گیا ہے۔ انہوں نے کہا کہ فلسطین کے مسلے سے باخبر ہے اور اس ضمن میں حکومت دوسرے ملکوں کے لیڈروں کے ساتھ رابطے میں ہے۔","http://cs.jhu.edu/~ccb/wikitrans/ur/2010-03-03T2323/txt_img/BBC_URD_20090102.0020__10.png","This emergency meeting has been called as a result of Israel&#39;s attacks on Palestine. He said that the government is aware of the Palestine issue and is in contact with the leaders of other countries about it.","Islamabad","20","Islamabad","","20","yes","Opera/9.80 (Windows NT 5.1; U; en) Presto/2.2.15 Version/10.10","Pakistan","defending the thinking of France.","yes","The meeting of commattee was held on Friday in parliment house in the control of Mushahid Hussain Syed in that it was suggested that he send helping things and representatives parties and a parlenani persons to Falaatin.","","After the meeting Mushahid Hussain said talking with media representatives that the commettee said welcome the suggest by France in which it was called that Israel stop the war and with this give permission to help in helping works for injured persons in Ghaza.","He named the attacks by Israel on Israel attacks the criminal against humanity and said that all countries should dispraise these attacks of Israel.","en","Mushahid Hussain said criticizing the second standard of the world that the people whom talk against terrorism but they are quite of Israel at attacks on Falastin.","This emergency meeting is called on Israelian attacks on Falastin.He said that it knows about the issue of Falastin and the govt. is connecting other countries for this issue.","The chairman of commettee for external matters criticized the slow action of leaders.","He said that the commettee has expressed this hope that the new elected president of America obama will deliver speech to Muslim Ummah due to abolish the clash between America and Muslim Umma.","yes","Mushahid Hussain said that to decrease the clash between Muslim Umma and West there should be emergency undertakes but the old issues of Kashmir and Falastin should be solved.","The external matter prime minister Malik Imad Jan said that the external ministers of Islamic countries are going to Saudi Arabia to attend meeting."
"1CZ8W2BH2DAHTR580Y8HXRLFQL01AC","1ROKS94GC46Y4P5VZP86HKLCVEQUMX","Urdu to English Translation","Translate 10 Urdu sentences into English","Urdu, English, translation, writing, Wikipedia, WikiTrans, machine translation, research","$1.00","Thu Mar 04 05:23:24 GMT 2010","4","","86400","604800","Thu Mar 11 12:56:44 GMT 2010","0","","1UA6CQLJVFBZWWFC752KRCVECFPWOE","A3DD3ACPMVDVCA","Approved","Fri Mar 05 14:17:38 GMT 2010","Fri Mar 05 14:44:06 GMT 2010","Fri Mar 12 14:44:06 GMT 2010","2010/03/05 19:59:42 +0000","","","1588","ur-en","BBC_URD_20090102.0020__1","hl","فرانس کی تجویز کی حمایت","http://cs.jhu.edu/~ccb/wikitrans/ur/2010-03-03T2323/txt_img/BBC_URD_20090102.0020__1.png","Support of France&#39;s Recommendation","BBC_URD_20090102.0020__2","seg","کمیٹی کا اجلاس جمعہ کے روز پارلیمنٹ ہاؤس میں کمیٹی کے چیئرمین مشاہد حسین سید کی سربراہی میں ہوا جس میں حکو مت کو یہ تجویز دی گئی کہ وہ امدادی اشیاء کے علاوہ تمام سیاسی جماعتوں کے نمائندوں کا ایک پارلیمانی وفد فلسطین بھیجے۔","http://cs.jhu.edu/~ccb/wikitrans/ur/2010-03-03T2323/txt_img/BBC_URD_20090102.0020__2.png","The Committee meeting was held in Parliament House on Friday under the direction of Committee Chairman Mushahid Hussain Sayed&#44; wherein it was recommended to the government that&#44; in addition to sending relief supplies&#44; it should also send a parliamentary delegation of the representatives of all political parties to Palestine.","BBC_URD_20090102.0020__3","seg","اجلاس کے بعد میڈیا کے نمائندوں سے گفتگو کرتے ہوئے مشاہد حسین سید نے کہا کہ کمیٹی نے فرانس کی طرف سے دی جانے والی تجویز کا خیرمقدم کیا ہے جس میں کہا گیا ہے کہ اسرائیل فوری طور پر جنگ بندی  کرے اور اس کے علاوہ غزہ میں متاثرہ افراد کے لیے امدادی کاموں کی اجازت دے۔","http://cs.jhu.edu/~ccb/wikitrans/ur/2010-03-03T2323/txt_img/BBC_URD_20090102.0020__3.png","After the meeting&#44; Mushahid Hussain Sayed&#44; while talking to the representative of the media&#44; said the Committee has welcomed France&#39;s recommendation that Israel immediately call a ceasefire and permit relief activities for victims in Gaza.","BBC_URD_20090102.0020__4","seg","انہوں نے اسرائیل کی طرف سے فسلطینیوں پر حملے کو انسانیت کے خلاف جرم قرار دیتے ہوئے کہا کہ تمام ممالک کو ان حملوں کی مذمت کرنی چاہیے","http://cs.jhu.edu/~ccb/wikitrans/ur/2010-03-03T2323/txt_img/BBC_URD_20090102.0020__4.png","Declaring Israel&#39;s attack on Palestinians a crime against humanity&#44; he said that all countries should condemn these attacks.","BBC_URD_20090102.0020__5","seg","مشاہد حسین نے دنیا کے ممالک کے دوہرے معیار کو تنقید کا نشانہ بناتے ہوئے کہا کہ جو لوگ دہشت گردی کے خلاف بات کرتے ہیں لیکن وہ اب اسرائیل کی طرف سے فلسطینیوں پر ہونے والے حملوں پر کیوں خاموش ہیں۔","http://cs.jhu.edu/~ccb/wikitrans/ur/2010-03-03T2323/txt_img/BBC_URD_20090102.0020__5.png","Targeting his criticism against their double standard&#44; Mushahid Hussain questioned the silence of those who speak out against terrorism about Israel&#39;s attacks on Palestinians.","BBC_URD_20090102.0020__6","seg","خارجہ امور کے بارے میں سینیٹ کی قائمہ کمیٹی کے چیئرمین نے فسلطین کے مسلے پر اُمت مسلہ کے لیڈروں کے سردمہر روئیے کو بھی تنقید کا نشانہ بنایا۔","http://cs.jhu.edu/~ccb/wikitrans/ur/2010-03-03T2323/txt_img/BBC_URD_20090102.0020__6.png","The Chairman of the Senate Standing Committee on Foreign Affairs also criticized the apathetic behavior of Muslim leaders on the problem in Palestine.","BBC_URD_20090102.0020__7","seg","انہوں نے کہا کہ کمیٹی نے اس اُمید کا اظہار کیا ہے کہ امریکہ کے نومنتخب صدر بارک اُبامہ اپنی حکومت کے پہلے ایک سو دنوں کے دوران مسلم اُمہ سے خطاب کریں گے تاکہ امریکہ اور مسلم اُمہ کے درمیان پیدا ہونے والی خلیج کو ختم کیا جاسکے۔","http://cs.jhu.edu/~ccb/wikitrans/ur/2010-03-03T2323/txt_img/BBC_URD_20090102.0020__7.png","He said that the committee is hopeful that the newly elected American president Barack Obama will address the Muslim world during his first 100 days in office so that the gulf between America and the Muslim world can be bridged.","BBC_URD_20090102.0020__8","seg","مشاہد حسین سید نے کہا کہ مسلم اُمہ اور مغرب کے درمیان پیدا ہونے والے خلاء کو پُر کرنے کے لیے نہ صرف ہنگامی اقدامات کیے جائیں بلکہ کشمیر اور فلسطین جیسے دیرینہ مسائل حل کیے جائیں۔","http://cs.jhu.edu/~ccb/wikitrans/ur/2010-03-03T2323/txt_img/BBC_URD_20090102.0020__8.png","Mushahid Hussain Sayed said that&#44; not only should emergency steps be taken to fill the gap between the Muslim world and the West&#44; but also old problems like those of Kashmir and Palestine should also be solved.","BBC_URD_20090102.0020__9","seg","خارجہ امور کے وزیر مملکت ملک عماد خان نے کمیٹی کو بتایا کہ وہ اسلامی ملکوں کی تنظیم کے وزراء خارجہ کے اجلاس میں شرکت کے لیے سعودی عرب جا رہے ہیں۔","http://cs.jhu.edu/~ccb/wikitrans/ur/2010-03-03T2323/txt_img/BBC_URD_20090102.0020__9.png","Malik Amad Khan&#44; Minister of State for Foreign Affairs&#44; told the Committee that he is going to Saudi Arabia to attend the meeting of foreign ministers for the Organization of Islamic Countries.","BBC_URD_20090102.0020__10","seg","یہ ہنگامی  اجلاس  اسرائیل کی طرف سے فسلطین پر ہونے والے حملوں  کے نتیجے میں طلب کیا گیا ہے۔ انہوں نے کہا کہ فلسطین کے مسلے سے باخبر ہے اور اس ضمن میں حکومت دوسرے ملکوں کے لیڈروں کے ساتھ رابطے میں ہے۔","http://cs.jhu.edu/~ccb/wikitrans/ur/2010-03-03T2323/txt_img/BBC_URD_20090102.0020__10.png","This emergency meeting has been called as a result of Israel&#39;s attacks on Palestine. He said that the government is aware of the Palestine issue and is in contact with the leaders of other countries about it.","Bangalore","23","Karnataka","It was fun..","15","yes","Mozilla/5.0 (Windows; U; Windows NT 6.0; en-US) AppleWebKit/532.5 (KHTML, like Gecko) Chrome/4.1.249.1021 Safari/532.5","India","Supporting the French proposal","yes","The meeting of the committee took place in the parliament house under the chairmanship of the committee chairman Mushahid Husain Syed, in which they proposed to the government to send a delegation, with representatives of all political parties apart from humanitarian aid to Palestine.","","After the meeting, speaking to representatives of the press, Mushahid Husain Syed said that the committee welcomed the proposal given by France, in which it was stated that Israel calls an immediate ceasefire and allow humanitarian work among the affected people of Gaza.","Calling the Israeli attacks on Palestine, a crime against humanity, he said that all countries should derogate these attacks.","en-US","Mushahid Husain made the double standards of the countries of the world a target of his attack, and said that why are those who speak against terrorism, quiet about the Israeli attacks on Palestine?","This sudden meeting was called as a result of Israeli attacks on Palestine. He said that he was aware of the Palestinian matter and at present, the government was in contact with the premiers of other countries.","The chairman of the standing committee of external affairs in the senate also targeted the leaders of Muslim nation who were taking a quiet stance on the matter of Palestine.","He said that the committee expressed hope that the newly elected American President, Barack Obama would speak to the Muslim nation, within his first 100 days of his government, to bridge the gulf forming between American and the Muslim nation.","no","Mushahid Husain Syed said that the gap formed between Muslim nation and the West should be filled by taking not only sudden steps but also by solving long standing issues like that of Kashmir and Palestine.","The minister of foreign affairs, Malik Imad told the committee that he was going to Saudi Arabia to attend the meeting of the foreign ministers of the governments of Islamic countries."
"1CZ8W2BH2DAHTR580Y8HXRLFQL01AC","1ROKS94GC46Y4P5VZP86HKLCVEQUMX","Urdu to English Translation","Translate 10 Urdu sentences into English","Urdu, English, translation, writing, Wikipedia, WikiTrans, machine translation, research","$1.00","Thu Mar 04 05:23:24 GMT 2010","4","","86400","604800","Thu Mar 11 12:56:44 GMT 2010","0","","1X5WSRXULLWK00Z2K0UYJZ8N9HKZKY","A2DSLTEW8FFMBV","Approved","Tue Mar 09 12:22:54 GMT 2010","Tue Mar 09 13:31:28 GMT 2010","Tue Mar 16 13:31:28 GMT 2010","2010/03/10 14:29:15 +0000","","","4114","ur-en","BBC_URD_20090102.0020__1","hl","فرانس کی تجویز کی حمایت","http://cs.jhu.edu/~ccb/wikitrans/ur/2010-03-03T2323/txt_img/BBC_URD_20090102.0020__1.png","Support of France&#39;s Recommendation","BBC_URD_20090102.0020__2","seg","کمیٹی کا اجلاس جمعہ کے روز پارلیمنٹ ہاؤس میں کمیٹی کے چیئرمین مشاہد حسین سید کی سربراہی میں ہوا جس میں حکو مت کو یہ تجویز دی گئی کہ وہ امدادی اشیاء کے علاوہ تمام سیاسی جماعتوں کے نمائندوں کا ایک پارلیمانی وفد فلسطین بھیجے۔","http://cs.jhu.edu/~ccb/wikitrans/ur/2010-03-03T2323/txt_img/BBC_URD_20090102.0020__2.png","The Committee meeting was held in Parliament House on Friday under the direction of Committee Chairman Mushahid Hussain Sayed&#44; wherein it was recommended to the government that&#44; in addition to sending relief supplies&#44; it should also send a parliamentary delegation of the representatives of all political parties to Palestine.","BBC_URD_20090102.0020__3","seg","اجلاس کے بعد میڈیا کے نمائندوں سے گفتگو کرتے ہوئے مشاہد حسین سید نے کہا کہ کمیٹی نے فرانس کی طرف سے دی جانے والی تجویز کا خیرمقدم کیا ہے جس میں کہا گیا ہے کہ اسرائیل فوری طور پر جنگ بندی  کرے اور اس کے علاوہ غزہ میں متاثرہ افراد کے لیے امدادی کاموں کی اجازت دے۔","http://cs.jhu.edu/~ccb/wikitrans/ur/2010-03-03T2323/txt_img/BBC_URD_20090102.0020__3.png","After the meeting&#44; Mushahid Hussain Sayed&#44; while talking to the representative of the media&#44; said the Committee has welcomed France&#39;s recommendation that Israel immediately call a ceasefire and permit relief activities for victims in Gaza.","BBC_URD_20090102.0020__4","seg","انہوں نے اسرائیل کی طرف سے فسلطینیوں پر حملے کو انسانیت کے خلاف جرم قرار دیتے ہوئے کہا کہ تمام ممالک کو ان حملوں کی مذمت کرنی چاہیے","http://cs.jhu.edu/~ccb/wikitrans/ur/2010-03-03T2323/txt_img/BBC_URD_20090102.0020__4.png","Declaring Israel&#39;s attack on Palestinians a crime against humanity&#44; he said that all countries should condemn these attacks.","BBC_URD_20090102.0020__5","seg","مشاہد حسین نے دنیا کے ممالک کے دوہرے معیار کو تنقید کا نشانہ بناتے ہوئے کہا کہ جو لوگ دہشت گردی کے خلاف بات کرتے ہیں لیکن وہ اب اسرائیل کی طرف سے فلسطینیوں پر ہونے والے حملوں پر کیوں خاموش ہیں۔","http://cs.jhu.edu/~ccb/wikitrans/ur/2010-03-03T2323/txt_img/BBC_URD_20090102.0020__5.png","Targeting his criticism against their double standard&#44; Mushahid Hussain questioned the silence of those who speak out against terrorism about Israel&#39;s attacks on Palestinians.","BBC_URD_20090102.0020__6","seg","خارجہ امور کے بارے میں سینیٹ کی قائمہ کمیٹی کے چیئرمین نے فسلطین کے مسلے پر اُمت مسلہ کے لیڈروں کے سردمہر روئیے کو بھی تنقید کا نشانہ بنایا۔","http://cs.jhu.edu/~ccb/wikitrans/ur/2010-03-03T2323/txt_img/BBC_URD_20090102.0020__6.png","The Chairman of the Senate Standing Committee on Foreign Affairs also criticized the apathetic behavior of Muslim leaders on the problem in Palestine.","BBC_URD_20090102.0020__7","seg","انہوں نے کہا کہ کمیٹی نے اس اُمید کا اظہار کیا ہے کہ امریکہ کے نومنتخب صدر بارک اُبامہ اپنی حکومت کے پہلے ایک سو دنوں کے دوران مسلم اُمہ سے خطاب کریں گے تاکہ امریکہ اور مسلم اُمہ کے درمیان پیدا ہونے والی خلیج کو ختم کیا جاسکے۔","http://cs.jhu.edu/~ccb/wikitrans/ur/2010-03-03T2323/txt_img/BBC_URD_20090102.0020__7.png","He said that the committee is hopeful that the newly elected American president Barack Obama will address the Muslim world during his first 100 days in office so that the gulf between America and the Muslim world can be bridged.","BBC_URD_20090102.0020__8","seg","مشاہد حسین سید نے کہا کہ مسلم اُمہ اور مغرب کے درمیان پیدا ہونے والے خلاء کو پُر کرنے کے لیے نہ صرف ہنگامی اقدامات کیے جائیں بلکہ کشمیر اور فلسطین جیسے دیرینہ مسائل حل کیے جائیں۔","http://cs.jhu.edu/~ccb/wikitrans/ur/2010-03-03T2323/txt_img/BBC_URD_20090102.0020__8.png","Mushahid Hussain Sayed said that&#44; not only should emergency steps be taken to fill the gap between the Muslim world and the West&#44; but also old problems like those of Kashmir and Palestine should also be solved.","BBC_URD_20090102.0020__9","seg","خارجہ امور کے وزیر مملکت ملک عماد خان نے کمیٹی کو بتایا کہ وہ اسلامی ملکوں کی تنظیم کے وزراء خارجہ کے اجلاس میں شرکت کے لیے سعودی عرب جا رہے ہیں۔","http://cs.jhu.edu/~ccb/wikitrans/ur/2010-03-03T2323/txt_img/BBC_URD_20090102.0020__9.png","Malik Amad Khan&#44; Minister of State for Foreign Affairs&#44; told the Committee that he is going to Saudi Arabia to attend the meeting of foreign ministers for the Organization of Islamic Countries.","BBC_URD_20090102.0020__10","seg","یہ ہنگامی  اجلاس  اسرائیل کی طرف سے فسلطین پر ہونے والے حملوں  کے نتیجے میں طلب کیا گیا ہے۔ انہوں نے کہا کہ فلسطین کے مسلے سے باخبر ہے اور اس ضمن میں حکومت دوسرے ملکوں کے لیڈروں کے ساتھ رابطے میں ہے۔","http://cs.jhu.edu/~ccb/wikitrans/ur/2010-03-03T2323/txt_img/BBC_URD_20090102.0020__10.png","This emergency meeting has been called as a result of Israel&#39;s attacks on Palestine. He said that the government is aware of the Palestine issue and is in contact with the leaders of other countries about it.","Bangalore","22","Karnataka","","15","yes","Mozilla/5.0 (Windows; U; Windows NT 5.1; en-US; rv:1.9.2) Gecko/20100115 Firefox/3.6","India","Translation of the first sentence goes here.France
suggestion was appriciatable.","","Translation of the second sentence goes here.When commity's meeting was set up in the parliment house the chairman Mushahid  hussain syeed of the commity in his presence the 
suggestion was given to the government,not only with the help of donating thinks but also  with all the political group to send to the parliment of Paliestien.","","After the meeting while talking to one of the 
member Mushahid hussain sayeed told  by the side of France
suggestion was accepted,in which it is said that the Israial's should stop the war immediatly,besides all this
 the people who are in the cave should be permitted to do some work.","On behalf of Israil  the attack on paliestien was declared as the crime on humanity, they said that all the countries should help.","en-US","Mushahid hussain said that all the countries gives their opinion on terraisiom  but attack of Israil on paliestien why all are quiet.","Failiour of the meeting Israil's attack on paliestien has requested that the peliestien's matter are unknown and the other country is trying to be in contact.","The chairman of the commiety  said the paliestien's matter
Saddam's brother Tanfeed was made target.","They said that the commiety has said that America's prime minister Barack Obama before100 days his government of set up,
he will speak to the muslim people to erase  and end the misunderstanding between muslim  people and America.","no","Mushahid hussain sayeed said that the arising misunderstanding between  muslim and western people will be seen and decided.Kashmir and paliestien problem will be solved.","Malik imdad khan the ex minister said to the commiety that he will be attending the confrence of  THE Islamic countries which is held at Saudi Arabia."
"1LISZZ3BG0LDVDA5TM1BCBFMF004H3","1ROKS94GC46Y4P5VZP86HKLCVEQUMX","Urdu to English Translation","Translate 10 Urdu sentences into English","Urdu, English, translation, writing, Wikipedia, WikiTrans, machine translation, research","$1.00","Thu Mar 04 05:23:24 GMT 2010","3","","86400","604800","Thu Mar 11 05:23:24 GMT 2010","106","","123RSBKN4G2R6VP3ISCB9L0FC6I6IH","A1WYSSW33M2FZ2","Approved","Sat Mar 06 21:32:08 GMT 2010","Sat Mar 06 21:44:46 GMT 2010","Sat Mar 13 21:44:46 GMT 2010","2010/03/06 21:57:29 +0000","","","758","ur-en","BBC_URD_20090102.0020__11","seg","خارجہ امور کے وزیر مملکت نے کہا کہ فلسطین کا مسلہ اقوام متحدہ کی قراردادوں کے مطابق حل کیا جائے۔","http://cs.jhu.edu/~ccb/wikitrans/ur/2010-03-03T2323/txt_img/BBC_URD_20090102.0020__11.png","The Minister of State for Foreign Affairs said that the problem of Palestine should be solved according to the resolutions of the United Nations.","BBC_URD_20090102.0020__12","seg","عرب ملکوں سے تعلق رکھنے والے دو صحافیوں نے بھی اجلاس میں شرکت کی اور انہوں نے اجلاس میں فلسطین کی تازہ صورتحال کے بارے میں بتایا۔","http://cs.jhu.edu/~ccb/wikitrans/ur/2010-03-03T2323/txt_img/BBC_URD_20090102.0020__12.png","Two journalists from Arab countries also participated in the meeting and reported the current situation in Palestine.","BBC_URD_20090102.0020__13","seg","اُدھر اسلام آباد میں انٹرنیشنل یونیورسٹی کے طلباء نے فلسطین پر اسرائیلی حملوں کے خلاف احتجاجی مظاہرہ کیا۔","http://cs.jhu.edu/~ccb/wikitrans/ur/2010-03-03T2323/txt_img/BBC_URD_20090102.0020__13.png","Meanwhile&#44; students of the International University in Islamabad held a protest demonstration against Israeli attacks on Palestine.","BBC_URD_20090102.0020__14","seg","مظاہرین نے بینرز اور کتبے بھی اُٹھا رکھے تھے جس پر اسرائیل کے خلاف نعرے درج تھے۔","http://cs.jhu.edu/~ccb/wikitrans/ur/2010-03-03T2323/txt_img/BBC_URD_20090102.0020__14.png","The demonstrators were holding banners and signs featuring slogans against Israel.","BBC_URD_20090103.0008__1","hl","فلو سے بچنے کے لئے ڈائٹنگ سے اجتناب","http://cs.jhu.edu/~ccb/wikitrans/ur/2010-03-03T2323/txt_img/BBC_URD_20090103.0008__1.png","Avoiding Dieting Can Prevent Flu","BBC_URD_20090103.0008__2","seg","امریکی سائنسدانوں کی یہ تحقیق چوہوں پر کئے گئے تجربات کے بعد سامنے آئی ہے۔","http://cs.jhu.edu/~ccb/wikitrans/ur/2010-03-03T2323/txt_img/BBC_URD_20090103.0008__2.png","This finding by American scientists has emerged as a result of experiments performed on rats.","BBC_URD_20090103.0008__3","seg","تجربات سے یہ ثابت ہوا کہ کم کیلوریز والی خوراک پر رکھے گئے چوہوں میں فلو کے وائرس سے نمٹنے کی صلاحیت نسبتاً کم ہوگئی۔","http://cs.jhu.edu/~ccb/wikitrans/ur/2010-03-03T2323/txt_img/BBC_URD_20090103.0008__3.png","The experiments proved that the ability to combat the flu virus was lower in rats who were kept on a low-calorie diet.","BBC_URD_20090103.0008__4","seg","تحقیق نے اس پرانی کہاوت کو غلط ثابت کردیا ہے کہ ’بخار میں فاقہ کرنا بہتر ثابت ہوتا ہے‘۔","http://cs.jhu.edu/~ccb/wikitrans/ur/2010-03-03T2323/txt_img/BBC_URD_20090103.0008__4.png","This research has proven wrong the old saying that &quot;while suffering from fever&#44; it is better to abstain from eating.&quot;","BBC_URD_20090103.0008__5","seg","سائنسدانوں کے مطابق بخار کے دوران خوب کھائیں پئیں۔","http://cs.jhu.edu/~ccb/wikitrans/ur/2010-03-03T2323/txt_img/BBC_URD_20090103.0008__5.png","According to scientists&#44; it is better to eat and drink a lot during a fever.","BBC_URD_20090103.0008__6","seg","مشیگن سٹیٹ یونیورسٹی کے تحقیقات کاروں  کا کہنا ہے کہ ڈائیٹ لینے والے چوہوں میں انفیکشن سے لڑنے کی صلاحیت بہت کم پائی گئی اور ان کے مرنے کا امکان بھی بڑھ گیا جبکہ معمول کی خوراک لینے والے چوہوں میں فلو کے وائرس کے خلاف قوت مدافعت زیادہ تھی۔","http://cs.jhu.edu/~ccb/wikitrans/ur/2010-03-03T2323/txt_img/BBC_URD_20090103.0008__6.png","Researchers from Michigan State University say that rats on a low diet were found to have less ability to fight off infection and an increased chance of mortality&#44; while rats on a normal diet had greater resistance against the flu virus.","Dammam","27","Ash Sharqiyah","","20","yes","Mozilla/5.0 (Windows; U; Windows NT 6.0; en-US; rv:1.9.1.8) Gecko/20100202 Firefox/3.5.8 GTB6 (.NET CLR 3.5.30729)","Saudi Arabia","Minister of foreign affairs said that issue of Palestine should be solved according to the resolutions of the United Nations.","yes","Two reporters from Arab countries also attended the seminar and they told about the current situation about Palestine in the seminar.","","There in Islamabad, students of International University, Islamabad protested against the Israel attacks on Palestine.","Protesters carried banners and placards, on which slogans against Israel were written.","en-US","Avoiding dieting to prevent from flu.","Researchers of the Michigan State University say that mice getting diet food were found to have very less ability to fight the infection and their chances of death also increased. On the other hand, mice getting regular diet had more energy against the flu virus","This research of American scientists came in front after experimenting on mice.","Experiments proved that mice on a lower calorie diet had comparatively less ability to fight the flu virus.","no","Research disproved the old axiom that "" It is better to fast during fever""","According to scientists, eat a lot during fever."
"1LISZZ3BG0LDVDA5TM1BCBFMF004H3","1ROKS94GC46Y4P5VZP86HKLCVEQUMX","Urdu to English Translation","Translate 10 Urdu sentences into English","Urdu, English, translation, writing, Wikipedia, WikiTrans, machine translation, research","$1.00","Thu Mar 04 05:23:24 GMT 2010","3","","86400","604800","Thu Mar 11 05:23:24 GMT 2010","106","","17MY36FACVT180J663P8XSX9YRPU1H","A143BVGOUF83JE","Approved","Sun Mar 07 16:10:16 GMT 2010","Sun Mar 07 16:41:45 GMT 2010","Sun Mar 14 16:41:45 GMT 2010","2010/03/08 12:05:13 +0000","","","1889","ur-en","BBC_URD_20090102.0020__11","seg","خارجہ امور کے وزیر مملکت نے کہا کہ فلسطین کا مسلہ اقوام متحدہ کی قراردادوں کے مطابق حل کیا جائے۔","http://cs.jhu.edu/~ccb/wikitrans/ur/2010-03-03T2323/txt_img/BBC_URD_20090102.0020__11.png","The Minister of State for Foreign Affairs said that the problem of Palestine should be solved according to the resolutions of the United Nations.","BBC_URD_20090102.0020__12","seg","عرب ملکوں سے تعلق رکھنے والے دو صحافیوں نے بھی اجلاس میں شرکت کی اور انہوں نے اجلاس میں فلسطین کی تازہ صورتحال کے بارے میں بتایا۔","http://cs.jhu.edu/~ccb/wikitrans/ur/2010-03-03T2323/txt_img/BBC_URD_20090102.0020__12.png","Two journalists from Arab countries also participated in the meeting and reported the current situation in Palestine.","BBC_URD_20090102.0020__13","seg","اُدھر اسلام آباد میں انٹرنیشنل یونیورسٹی کے طلباء نے فلسطین پر اسرائیلی حملوں کے خلاف احتجاجی مظاہرہ کیا۔","http://cs.jhu.edu/~ccb/wikitrans/ur/2010-03-03T2323/txt_img/BBC_URD_20090102.0020__13.png","Meanwhile&#44; students of the International University in Islamabad held a protest demonstration against Israeli attacks on Palestine.","BBC_URD_20090102.0020__14","seg","مظاہرین نے بینرز اور کتبے بھی اُٹھا رکھے تھے جس پر اسرائیل کے خلاف نعرے درج تھے۔","http://cs.jhu.edu/~ccb/wikitrans/ur/2010-03-03T2323/txt_img/BBC_URD_20090102.0020__14.png","The demonstrators were holding banners and signs featuring slogans against Israel.","BBC_URD_20090103.0008__1","hl","فلو سے بچنے کے لئے ڈائٹنگ سے اجتناب","http://cs.jhu.edu/~ccb/wikitrans/ur/2010-03-03T2323/txt_img/BBC_URD_20090103.0008__1.png","Avoiding Dieting Can Prevent Flu","BBC_URD_20090103.0008__2","seg","امریکی سائنسدانوں کی یہ تحقیق چوہوں پر کئے گئے تجربات کے بعد سامنے آئی ہے۔","http://cs.jhu.edu/~ccb/wikitrans/ur/2010-03-03T2323/txt_img/BBC_URD_20090103.0008__2.png","This finding by American scientists has emerged as a result of experiments performed on rats.","BBC_URD_20090103.0008__3","seg","تجربات سے یہ ثابت ہوا کہ کم کیلوریز والی خوراک پر رکھے گئے چوہوں میں فلو کے وائرس سے نمٹنے کی صلاحیت نسبتاً کم ہوگئی۔","http://cs.jhu.edu/~ccb/wikitrans/ur/2010-03-03T2323/txt_img/BBC_URD_20090103.0008__3.png","The experiments proved that the ability to combat the flu virus was lower in rats who were kept on a low-calorie diet.","BBC_URD_20090103.0008__4","seg","تحقیق نے اس پرانی کہاوت کو غلط ثابت کردیا ہے کہ ’بخار میں فاقہ کرنا بہتر ثابت ہوتا ہے‘۔","http://cs.jhu.edu/~ccb/wikitrans/ur/2010-03-03T2323/txt_img/BBC_URD_20090103.0008__4.png","This research has proven wrong the old saying that &quot;while suffering from fever&#44; it is better to abstain from eating.&quot;","BBC_URD_20090103.0008__5","seg","سائنسدانوں کے مطابق بخار کے دوران خوب کھائیں پئیں۔","http://cs.jhu.edu/~ccb/wikitrans/ur/2010-03-03T2323/txt_img/BBC_URD_20090103.0008__5.png","According to scientists&#44; it is better to eat and drink a lot during a fever.","BBC_URD_20090103.0008__6","seg","مشیگن سٹیٹ یونیورسٹی کے تحقیقات کاروں  کا کہنا ہے کہ ڈائیٹ لینے والے چوہوں میں انفیکشن سے لڑنے کی صلاحیت بہت کم پائی گئی اور ان کے مرنے کا امکان بھی بڑھ گیا جبکہ معمول کی خوراک لینے والے چوہوں میں فلو کے وائرس کے خلاف قوت مدافعت زیادہ تھی۔","http://cs.jhu.edu/~ccb/wikitrans/ur/2010-03-03T2323/txt_img/BBC_URD_20090103.0008__6.png","Researchers from Michigan State University say that rats on a low diet were found to have less ability to fight off infection and an increased chance of mortality&#44; while rats on a normal diet had greater resistance against the flu virus.","Islamabad","30","Islamabad","","25","yes","Mozilla/5.0 (Windows; U; Windows NT 5.1; en-US) AppleWebKit/532.5 (KHTML, like Gecko) Chrome/4.0.249.89 Safari/532.5","Pakistan","minister of state for foreign affairs has said that the issue of Palestine should be resolved in accordance with the resolutions of the United Nations.","yes","two journalists from Arab countries also joined the conference and they told about the latest situation in Palestine.","","in Islamabad, students of the International University demonstrated protest against the Israeli attacks on Palestine.","the protesters were holding banners and placards having anti Israel slogans written on it.","en-US","abstention from dieting in order to avoid Flu.","the researchers from the Michigan State University say that the rats on dieting had less power to resist the infection and their chances of dying had increased whereas rats on normal diet had better resistance against the Flu virus.","This research from the American Scientists have come up after the experiments on rats.","in has been proven from experiments that rats put on diet with less calories had less ability to resist the Flu virus.","no","research has proven this old myth wrong that its better to fast during fever.","according to the scientists one should eat a lot during fever."
"1LISZZ3BG0LDVDA5TM1BCBFMF004H3","1ROKS94GC46Y4P5VZP86HKLCVEQUMX","Urdu to English Translation","Translate 10 Urdu sentences into English","Urdu, English, translation, writing, Wikipedia, WikiTrans, machine translation, research","$1.00","Thu Mar 04 05:23:24 GMT 2010","3","","86400","604800","Thu Mar 11 05:23:24 GMT 2010","106","","1IQ13KX175DV5GT68LQSS5KFICS2PJ","A353OCL6LM6M4O","Approved","Thu Mar 04 17:04:08 GMT 2010","Fri Mar 05 07:08:02 GMT 2010","Fri Mar 12 07:08:02 GMT 2010","2010/03/05 12:44:19 +0000","","","50634","ur-en","BBC_URD_20090102.0020__11","seg","خارجہ امور کے وزیر مملکت نے کہا کہ فلسطین کا مسلہ اقوام متحدہ کی قراردادوں کے مطابق حل کیا جائے۔","http://cs.jhu.edu/~ccb/wikitrans/ur/2010-03-03T2323/txt_img/BBC_URD_20090102.0020__11.png","The Minister of State for Foreign Affairs said that the problem of Palestine should be solved according to the resolutions of the United Nations.","BBC_URD_20090102.0020__12","seg","عرب ملکوں سے تعلق رکھنے والے دو صحافیوں نے بھی اجلاس میں شرکت کی اور انہوں نے اجلاس میں فلسطین کی تازہ صورتحال کے بارے میں بتایا۔","http://cs.jhu.edu/~ccb/wikitrans/ur/2010-03-03T2323/txt_img/BBC_URD_20090102.0020__12.png","Two journalists from Arab countries also participated in the meeting and reported the current situation in Palestine.","BBC_URD_20090102.0020__13","seg","اُدھر اسلام آباد میں انٹرنیشنل یونیورسٹی کے طلباء نے فلسطین پر اسرائیلی حملوں کے خلاف احتجاجی مظاہرہ کیا۔","http://cs.jhu.edu/~ccb/wikitrans/ur/2010-03-03T2323/txt_img/BBC_URD_20090102.0020__13.png","Meanwhile&#44; students of the International University in Islamabad held a protest demonstration against Israeli attacks on Palestine.","BBC_URD_20090102.0020__14","seg","مظاہرین نے بینرز اور کتبے بھی اُٹھا رکھے تھے جس پر اسرائیل کے خلاف نعرے درج تھے۔","http://cs.jhu.edu/~ccb/wikitrans/ur/2010-03-03T2323/txt_img/BBC_URD_20090102.0020__14.png","The demonstrators were holding banners and signs featuring slogans against Israel.","BBC_URD_20090103.0008__1","hl","فلو سے بچنے کے لئے ڈائٹنگ سے اجتناب","http://cs.jhu.edu/~ccb/wikitrans/ur/2010-03-03T2323/txt_img/BBC_URD_20090103.0008__1.png","Avoiding Dieting Can Prevent Flu","BBC_URD_20090103.0008__2","seg","امریکی سائنسدانوں کی یہ تحقیق چوہوں پر کئے گئے تجربات کے بعد سامنے آئی ہے۔","http://cs.jhu.edu/~ccb/wikitrans/ur/2010-03-03T2323/txt_img/BBC_URD_20090103.0008__2.png","This finding by American scientists has emerged as a result of experiments performed on rats.","BBC_URD_20090103.0008__3","seg","تجربات سے یہ ثابت ہوا کہ کم کیلوریز والی خوراک پر رکھے گئے چوہوں میں فلو کے وائرس سے نمٹنے کی صلاحیت نسبتاً کم ہوگئی۔","http://cs.jhu.edu/~ccb/wikitrans/ur/2010-03-03T2323/txt_img/BBC_URD_20090103.0008__3.png","The experiments proved that the ability to combat the flu virus was lower in rats who were kept on a low-calorie diet.","BBC_URD_20090103.0008__4","seg","تحقیق نے اس پرانی کہاوت کو غلط ثابت کردیا ہے کہ ’بخار میں فاقہ کرنا بہتر ثابت ہوتا ہے‘۔","http://cs.jhu.edu/~ccb/wikitrans/ur/2010-03-03T2323/txt_img/BBC_URD_20090103.0008__4.png","This research has proven wrong the old saying that &quot;while suffering from fever&#44; it is better to abstain from eating.&quot;","BBC_URD_20090103.0008__5","seg","سائنسدانوں کے مطابق بخار کے دوران خوب کھائیں پئیں۔","http://cs.jhu.edu/~ccb/wikitrans/ur/2010-03-03T2323/txt_img/BBC_URD_20090103.0008__5.png","According to scientists&#44; it is better to eat and drink a lot during a fever.","BBC_URD_20090103.0008__6","seg","مشیگن سٹیٹ یونیورسٹی کے تحقیقات کاروں  کا کہنا ہے کہ ڈائیٹ لینے والے چوہوں میں انفیکشن سے لڑنے کی صلاحیت بہت کم پائی گئی اور ان کے مرنے کا امکان بھی بڑھ گیا جبکہ معمول کی خوراک لینے والے چوہوں میں فلو کے وائرس کے خلاف قوت مدافعت زیادہ تھی۔","http://cs.jhu.edu/~ccb/wikitrans/ur/2010-03-03T2323/txt_img/BBC_URD_20090103.0008__6.png","Researchers from Michigan State University say that rats on a low diet were found to have less ability to fight off infection and an increased chance of mortality&#44; while rats on a normal diet had greater resistance against the flu virus.","Islamabad","20","Islamabad","","20","yes","Opera/9.80 (Windows NT 5.1; U; en) Presto/2.2.15 Version/10.10","Pakistan","The prime minister of external affairs said that the issue of Falastin should be solved according to the planning of The United States.","yes","Two generalists belonging Arab countries also attended the meeting and told about the fresh situation of Falastin.","","Here the students of International University in Islamabad made strike against Islaean attacks against Falastin.","The strikers hold banners and pads containing slogans against Israel.","en","Abstain from decrease eating in order to escape from flue.","It is the saying of the researchers of Machigan State university that the low eater mouses had the low defending power against infection and their death chances decreased although the more eaters mouses had the high power against flue virus.","This research of American scientists was shown after many experiments on mouses.","It was proved by experiments the low calories eaters mouses had low defending power for flue in ratio.","yes","The research proved this old talk that decrease eating is useful in fever.","Eat and drink more in fever according to scientists."
"1G2PPH679RLAJPB7YH0N5W6HEKIJ9J","1ROKS94GC46Y4P5VZP86HKLCVEQUMX","Urdu to English Translation","Translate 10 Urdu sentences into English","Urdu, English, translation, writing, Wikipedia, WikiTrans, machine translation, research","$1.00","Thu Mar 04 05:23:24 GMT 2010","3","","86400","604800","Thu Mar 11 05:23:24 GMT 2010","0","","1A9FV74CUZ225YDOXLRIMFKHESD3O9","A143BVGOUF83JE","Approved","Tue Mar 09 20:32:04 GMT 2010","Wed Mar 10 02:21:22 GMT 2010","Wed Mar 17 02:21:22 GMT 2010","2010/03/10 14:33:20 +0000","","","20958","ur-en","BBC_URD_20090103.0008__7","seg","پروفیسر الزبتھ گارڈنر کے مطابق ڈائٹنگ کرنے والے افراد فلو سے نہ صرف بہت جلد متاثر ہوجائیں گے بلکہ انہیں صحتیاب ہونے میں بھی زیادہ وقت لگے گا۔","http://cs.jhu.edu/~ccb/wikitrans/ur/2010-03-03T2323/txt_img/BBC_URD_20090103.0008__7.png","According to Professor Elizabeth Gardner&#44; people on a diet will not only succumb quickly to the flu&#44; but will also take longer to recover.","BBC_URD_20090103.0008__8","seg","ان کا یہ بھی کہنا ہے کہ وہ افراد جو فلو کی ویکسین لے چکے ہیں انہیں بھی موسم سرما کے چند ماہ کے دوران ڈائٹنگ سے اجتناب کرنا چاہیئے۔","http://cs.jhu.edu/~ccb/wikitrans/ur/2010-03-03T2323/txt_img/BBC_URD_20090103.0008__8.png","She also says that even people who have taken the flu vaccine should avoid dieting during the winter months.","BBC_URD_20090103.0021__1","hl","’پہلا جوہری تجربہ 1990 میں کیا تھا‘","http://cs.jhu.edu/~ccb/wikitrans/ur/2010-03-03T2323/txt_img/BBC_URD_20090103.0021__1.png","First Nuclear Test Done in 1990","BBC_URD_20090103.0021__2","seg","تھامس ریڈ  نے جو امریکہ کی لیور نیشنل لیبارٹری میں ویپن ڈیزائنر کے طور پر کام کرچکے ہیں یہ کتاب لاس ایلموس نیشنل لیبارٹری کے ٹیکنیکل انٹیلجنس کے سابق ڈائریکٹر ڈینی سٹلمین کے تعاون سے لکھی ہے۔","http://cs.jhu.edu/~ccb/wikitrans/ur/2010-03-03T2323/txt_img/BBC_URD_20090103.0021__2.png","Thomas Reed&#44; who has worked as a weapon designer in America&#39;s Liver National Laboratory&#44; wrote this book in cooperation with Danny Stillman&#44; former Director of Technical Intelligence at Los Alamos National Laboratory.","BBC_URD_20090103.0021__3","seg","یہ کتاب ’نیوکلیئر ایکسپریس: بم کی سیاسی تاریخ اور اس کے پھیلاؤ‘ کے عنوان سے لکھی گئی ہے اور اس میں دونوں مصنفین نے دعوی کیا ہے کہ جس ملک نے بھی ایٹم بم بنایا ہے اس نے یا تو کسی دوسرے ملک کے جوہری راز چرائے ہیں یا پھر اسے کسی دوسری جوہری طاقت کا تعاون حاصل رہا ہے۔","http://cs.jhu.edu/~ccb/wikitrans/ur/2010-03-03T2323/txt_img/BBC_URD_20090103.0021__3.png","In the book&#44; entitled &quot;Nuclear Express: The Political History and Spread of the Bomb&#44;&quot; both writers have claimed that any country that has made an atomic bomb has either stolen nuclear secrets from another country or has done so with the support of another nuclear power.","BBC_URD_20090103.0021__4","seg","تھامس ریڈ نے یوایس نیوز کو ایک انٹرویو میں کہا ہے کہ انیس سو نوے میں بے نظیر بھٹو کے دور میں چین نے پاکستان کے پہلے جوہری بم کا تجربہ کیا تھا۔","http://cs.jhu.edu/~ccb/wikitrans/ur/2010-03-03T2323/txt_img/BBC_URD_20090103.0021__4.png","During one of the interviews with US News&#44; Thomas Reed said that China tested Pakistan&#39;s first nuclear bomb in 1990&#44; during the time of Benazir Bhutto.","BBC_URD_20090103.0021__5","seg","تھامس ریڈ نے کہا کہ کئی وجوہات کی بنیاد پر انہیں اس بات کا یقین ہے کہ چین نے پاکستان کے پہلے جوہری بم کا تجربہ کیا تھا۔","http://cs.jhu.edu/~ccb/wikitrans/ur/2010-03-03T2323/txt_img/BBC_URD_20090103.0021__5.png","He said that his belief that China tested Pakistan&#39;s first nuclear bomb is based on several reasons&#44;","BBC_URD_20090103.0021__6","seg","وجوہات میں اس بم کا ڈیزائن اور چین کے سائنسدانوں سے گفتگو کے دوران حاصل کردہ معلومات شامل ہیں۔","http://cs.jhu.edu/~ccb/wikitrans/ur/2010-03-03T2323/txt_img/BBC_URD_20090103.0021__6.png","including the design of the bomb and information collected from conversations with Chinese scientists.","BBC_URD_20090103.0021__7","seg","انہوں نے مزید کہا کہ یہی وجہ تھی کہ انیس سو اٹھانوے میں پاکستان صرف دو ہفتوں اور تین دن کے اندر بھارت کے جوہری تجربے کے جواب میں جوہری تجربہ کرنے کے قابل ہو گیا تھا۔","http://cs.jhu.edu/~ccb/wikitrans/ur/2010-03-03T2323/txt_img/BBC_URD_20090103.0021__7.png","He said that this is why Pakistan was able to respond in 1998 to India&#39;s nuclear test with their own test only two weeks and three days later.","BBC_URD_20090103.0021__8","seg","تھامس ریڈ نے یاد دلایا کہ انیس سو اکسٹھ میں روس نے اچانک جوہری تجربہ کیا تھا اور اس کے جواب میں امریکہ کو تجربہ کرنے میں سترہ دن لگے تھے باوجود اس امر کہ امریکہ کے پاس بہت عرصے سے یہ بم موجود تھا۔","http://cs.jhu.edu/~ccb/wikitrans/ur/2010-03-03T2323/txt_img/BBC_URD_20090103.0021__8.png","Thomas Reed reminded the interviewer how&#44; when Russia conducted a nuclear test in 1961&#44; America responded with its own test only 17 days later&#44; despite the fact that it had had the bomb for quite some time.","Islamabad","30","Islamabad","","25","yes","Mozilla/5.0 (Windows; U; Windows NT 5.1; en-US) AppleWebKit/532.5 (KHTML, like Gecko) Chrome/4.0.249.89 Safari/532.5","Pakistan","According to Professor Elizabeth Gardner, people who do dieting will not be effected with flue sooner but also they will take more time to recover from it.","yes","she also said that those people who have taken the flue vaccine should also avoid dieting during few months of winter.","","'first nuclear experiment was done in 1990'","Thomas Reid who has worked in the Lever national laboratory of America as a Weapon designer, has written this book with the help of the Ex director of technical intelligence at Las Elmos national laboratory, Dani Stillman.","en-US","this book was titled, 'Nuclear Express: political history of bomb and its proliferation' and both writers have claimed that which ever country first made a nuclear bomb either stole the nuclear secrets of another country or they had the support of another nuclear power.","Thomas Reid reminded that in 1961 Russia suddenly carried out a nuclear experiment and besides possessing the bomb for a long time, it took 17 days for America to carry out nuclear experiment.","in an interview with US news, Thomas Reid said that in 1990 during Benazir Bhutto's rule, China experimented Pakistan's first nuclear bomb.","Thomas Reid said that based to many reasons, he has a belief that China had experimented Pakistan's first nuclear bomb.","no","the reasons include the design of the bomb and some information retrieved during talks with the Chinese scientists.","he further added that this was the reason that in 1998 only in a span of two weeks and three days, Pakistan was able to carry out nuclear experiments as a reply to Indian nuclear experiments."
"1G2PPH679RLAJPB7YH0N5W6HEKIJ9J","1ROKS94GC46Y4P5VZP86HKLCVEQUMX","Urdu to English Translation","Translate 10 Urdu sentences into English","Urdu, English, translation, writing, Wikipedia, WikiTrans, machine translation, research","$1.00","Thu Mar 04 05:23:24 GMT 2010","3","","86400","604800","Thu Mar 11 05:23:24 GMT 2010","0","","1E1FJVULAB5YGBTEJ485L8J4PH6VZZ","A172X4W90UOST1","Approved","Wed Mar 10 16:41:54 GMT 2010","Wed Mar 10 22:51:01 GMT 2010","Wed Mar 17 22:51:01 GMT 2010","2010/03/12 12:18:21 +0000","","","22147","ur-en","BBC_URD_20090103.0008__7","seg","پروفیسر الزبتھ گارڈنر کے مطابق ڈائٹنگ کرنے والے افراد فلو سے نہ صرف بہت جلد متاثر ہوجائیں گے بلکہ انہیں صحتیاب ہونے میں بھی زیادہ وقت لگے گا۔","http://cs.jhu.edu/~ccb/wikitrans/ur/2010-03-03T2323/txt_img/BBC_URD_20090103.0008__7.png","According to Professor Elizabeth Gardner&#44; people on a diet will not only succumb quickly to the flu&#44; but will also take longer to recover.","BBC_URD_20090103.0008__8","seg","ان کا یہ بھی کہنا ہے کہ وہ افراد جو فلو کی ویکسین لے چکے ہیں انہیں بھی موسم سرما کے چند ماہ کے دوران ڈائٹنگ سے اجتناب کرنا چاہیئے۔","http://cs.jhu.edu/~ccb/wikitrans/ur/2010-03-03T2323/txt_img/BBC_URD_20090103.0008__8.png","She also says that even people who have taken the flu vaccine should avoid dieting during the winter months.","BBC_URD_20090103.0021__1","hl","’پہلا جوہری تجربہ 1990 میں کیا تھا‘","http://cs.jhu.edu/~ccb/wikitrans/ur/2010-03-03T2323/txt_img/BBC_URD_20090103.0021__1.png","First Nuclear Test Done in 1990","BBC_URD_20090103.0021__2","seg","تھامس ریڈ  نے جو امریکہ کی لیور نیشنل لیبارٹری میں ویپن ڈیزائنر کے طور پر کام کرچکے ہیں یہ کتاب لاس ایلموس نیشنل لیبارٹری کے ٹیکنیکل انٹیلجنس کے سابق ڈائریکٹر ڈینی سٹلمین کے تعاون سے لکھی ہے۔","http://cs.jhu.edu/~ccb/wikitrans/ur/2010-03-03T2323/txt_img/BBC_URD_20090103.0021__2.png","Thomas Reed&#44; who has worked as a weapon designer in America&#39;s Liver National Laboratory&#44; wrote this book in cooperation with Danny Stillman&#44; former Director of Technical Intelligence at Los Alamos National Laboratory.","BBC_URD_20090103.0021__3","seg","یہ کتاب ’نیوکلیئر ایکسپریس: بم کی سیاسی تاریخ اور اس کے پھیلاؤ‘ کے عنوان سے لکھی گئی ہے اور اس میں دونوں مصنفین نے دعوی کیا ہے کہ جس ملک نے بھی ایٹم بم بنایا ہے اس نے یا تو کسی دوسرے ملک کے جوہری راز چرائے ہیں یا پھر اسے کسی دوسری جوہری طاقت کا تعاون حاصل رہا ہے۔","http://cs.jhu.edu/~ccb/wikitrans/ur/2010-03-03T2323/txt_img/BBC_URD_20090103.0021__3.png","In the book&#44; entitled &quot;Nuclear Express: The Political History and Spread of the Bomb&#44;&quot; both writers have claimed that any country that has made an atomic bomb has either stolen nuclear secrets from another country or has done so with the support of another nuclear power.","BBC_URD_20090103.0021__4","seg","تھامس ریڈ نے یوایس نیوز کو ایک انٹرویو میں کہا ہے کہ انیس سو نوے میں بے نظیر بھٹو کے دور میں چین نے پاکستان کے پہلے جوہری بم کا تجربہ کیا تھا۔","http://cs.jhu.edu/~ccb/wikitrans/ur/2010-03-03T2323/txt_img/BBC_URD_20090103.0021__4.png","During one of the interviews with US News&#44; Thomas Reed said that China tested Pakistan&#39;s first nuclear bomb in 1990&#44; during the time of Benazir Bhutto.","BBC_URD_20090103.0021__5","seg","تھامس ریڈ نے کہا کہ کئی وجوہات کی بنیاد پر انہیں اس بات کا یقین ہے کہ چین نے پاکستان کے پہلے جوہری بم کا تجربہ کیا تھا۔","http://cs.jhu.edu/~ccb/wikitrans/ur/2010-03-03T2323/txt_img/BBC_URD_20090103.0021__5.png","He said that his belief that China tested Pakistan&#39;s first nuclear bomb is based on several reasons&#44;","BBC_URD_20090103.0021__6","seg","وجوہات میں اس بم کا ڈیزائن اور چین کے سائنسدانوں سے گفتگو کے دوران حاصل کردہ معلومات شامل ہیں۔","http://cs.jhu.edu/~ccb/wikitrans/ur/2010-03-03T2323/txt_img/BBC_URD_20090103.0021__6.png","including the design of the bomb and information collected from conversations with Chinese scientists.","BBC_URD_20090103.0021__7","seg","انہوں نے مزید کہا کہ یہی وجہ تھی کہ انیس سو اٹھانوے میں پاکستان صرف دو ہفتوں اور تین دن کے اندر بھارت کے جوہری تجربے کے جواب میں جوہری تجربہ کرنے کے قابل ہو گیا تھا۔","http://cs.jhu.edu/~ccb/wikitrans/ur/2010-03-03T2323/txt_img/BBC_URD_20090103.0021__7.png","He said that this is why Pakistan was able to respond in 1998 to India&#39;s nuclear test with their own test only two weeks and three days later.","BBC_URD_20090103.0021__8","seg","تھامس ریڈ نے یاد دلایا کہ انیس سو اکسٹھ میں روس نے اچانک جوہری تجربہ کیا تھا اور اس کے جواب میں امریکہ کو تجربہ کرنے میں سترہ دن لگے تھے باوجود اس امر کہ امریکہ کے پاس بہت عرصے سے یہ بم موجود تھا۔","http://cs.jhu.edu/~ccb/wikitrans/ur/2010-03-03T2323/txt_img/BBC_URD_20090103.0021__8.png","Thomas Reed reminded the interviewer how&#44; when Russia conducted a nuclear test in 1961&#44; America responded with its own test only 17 days later&#44; despite the fact that it had had the bomb for quite some time.","Kannur","20","Kerala","","20","no","Mozilla/5.0 (Windows; U; Windows NT 6.1; en-US; rv:1.9.0.3) Gecko/2008092417 Firefox/3.0.3 (.NET CLR 3.5.30729)","India","In many modern countries it has for sometime being fashionable to think that, by free education for all-whether rich or poor, clever or stupid- one can solve all the problems of the society.","","But we can already see that free education for all is not enough; we find in such countries a far larger number of people with University degrees than there are jobs for them to fill.","","This plan of education was implemented on 1990.","Because of their degrees, they refuse to do what they think low work and in fact work with the hands is thought to be dirty and shameful in such countries.","en-US","The work of a completely uneducated farmer is far more important than that of a professor: we can live without education, but we die if we have no food. If no one cleaned our streets and took the rubbish away from our houses, we should get terrible diseases in our towns.","It means that we must be educated in such a way that, firstly, each of us can do whatever job is suited to his brain and ability, and secondly, that we can realize that all jobs are necessary to society and that is very bad to be ashamed of ones work or to scorn someone else'.","In fact, when we say that all of us must be educated to fit us for life, it means that we must be educated in such a way that, firstly, each of us can do whatever job is suited.","Education is not an end but a means to an end. In other words we do not educate children only for the purpose of educating them.","no","When men become organized in to very large groups and civilization and develops.","It is possible to get freedom from hunger, thirsty, cold, heat and many diseases, so that each person can live a happier life than he could."
"1G2PPH679RLAJPB7YH0N5W6HEKIJ9J","1ROKS94GC46Y4P5VZP86HKLCVEQUMX","Urdu to English Translation","Translate 10 Urdu sentences into English","Urdu, English, translation, writing, Wikipedia, WikiTrans, machine translation, research","$1.00","Thu Mar 04 05:23:24 GMT 2010","3","","86400","604800","Thu Mar 11 05:23:24 GMT 2010","0","","1QO4AVRPUWRJE34CUIUNGB6BGC22FP","A3DD3ACPMVDVCA","Approved","Tue Mar 09 10:04:36 GMT 2010","Tue Mar 09 10:36:47 GMT 2010","Tue Mar 16 10:36:47 GMT 2010","2010/03/09 11:16:17 +0000","","","1931","ur-en","BBC_URD_20090103.0008__7","seg","پروفیسر الزبتھ گارڈنر کے مطابق ڈائٹنگ کرنے والے افراد فلو سے نہ صرف بہت جلد متاثر ہوجائیں گے بلکہ انہیں صحتیاب ہونے میں بھی زیادہ وقت لگے گا۔","http://cs.jhu.edu/~ccb/wikitrans/ur/2010-03-03T2323/txt_img/BBC_URD_20090103.0008__7.png","According to Professor Elizabeth Gardner&#44; people on a diet will not only succumb quickly to the flu&#44; but will also take longer to recover.","BBC_URD_20090103.0008__8","seg","ان کا یہ بھی کہنا ہے کہ وہ افراد جو فلو کی ویکسین لے چکے ہیں انہیں بھی موسم سرما کے چند ماہ کے دوران ڈائٹنگ سے اجتناب کرنا چاہیئے۔","http://cs.jhu.edu/~ccb/wikitrans/ur/2010-03-03T2323/txt_img/BBC_URD_20090103.0008__8.png","She also says that even people who have taken the flu vaccine should avoid dieting during the winter months.","BBC_URD_20090103.0021__1","hl","’پہلا جوہری تجربہ 1990 میں کیا تھا‘","http://cs.jhu.edu/~ccb/wikitrans/ur/2010-03-03T2323/txt_img/BBC_URD_20090103.0021__1.png","First Nuclear Test Done in 1990","BBC_URD_20090103.0021__2","seg","تھامس ریڈ  نے جو امریکہ کی لیور نیشنل لیبارٹری میں ویپن ڈیزائنر کے طور پر کام کرچکے ہیں یہ کتاب لاس ایلموس نیشنل لیبارٹری کے ٹیکنیکل انٹیلجنس کے سابق ڈائریکٹر ڈینی سٹلمین کے تعاون سے لکھی ہے۔","http://cs.jhu.edu/~ccb/wikitrans/ur/2010-03-03T2323/txt_img/BBC_URD_20090103.0021__2.png","Thomas Reed&#44; who has worked as a weapon designer in America&#39;s Liver National Laboratory&#44; wrote this book in cooperation with Danny Stillman&#44; former Director of Technical Intelligence at Los Alamos National Laboratory.","BBC_URD_20090103.0021__3","seg","یہ کتاب ’نیوکلیئر ایکسپریس: بم کی سیاسی تاریخ اور اس کے پھیلاؤ‘ کے عنوان سے لکھی گئی ہے اور اس میں دونوں مصنفین نے دعوی کیا ہے کہ جس ملک نے بھی ایٹم بم بنایا ہے اس نے یا تو کسی دوسرے ملک کے جوہری راز چرائے ہیں یا پھر اسے کسی دوسری جوہری طاقت کا تعاون حاصل رہا ہے۔","http://cs.jhu.edu/~ccb/wikitrans/ur/2010-03-03T2323/txt_img/BBC_URD_20090103.0021__3.png","In the book&#44; entitled &quot;Nuclear Express: The Political History and Spread of the Bomb&#44;&quot; both writers have claimed that any country that has made an atomic bomb has either stolen nuclear secrets from another country or has done so with the support of another nuclear power.","BBC_URD_20090103.0021__4","seg","تھامس ریڈ نے یوایس نیوز کو ایک انٹرویو میں کہا ہے کہ انیس سو نوے میں بے نظیر بھٹو کے دور میں چین نے پاکستان کے پہلے جوہری بم کا تجربہ کیا تھا۔","http://cs.jhu.edu/~ccb/wikitrans/ur/2010-03-03T2323/txt_img/BBC_URD_20090103.0021__4.png","During one of the interviews with US News&#44; Thomas Reed said that China tested Pakistan&#39;s first nuclear bomb in 1990&#44; during the time of Benazir Bhutto.","BBC_URD_20090103.0021__5","seg","تھامس ریڈ نے کہا کہ کئی وجوہات کی بنیاد پر انہیں اس بات کا یقین ہے کہ چین نے پاکستان کے پہلے جوہری بم کا تجربہ کیا تھا۔","http://cs.jhu.edu/~ccb/wikitrans/ur/2010-03-03T2323/txt_img/BBC_URD_20090103.0021__5.png","He said that his belief that China tested Pakistan&#39;s first nuclear bomb is based on several reasons&#44;","BBC_URD_20090103.0021__6","seg","وجوہات میں اس بم کا ڈیزائن اور چین کے سائنسدانوں سے گفتگو کے دوران حاصل کردہ معلومات شامل ہیں۔","http://cs.jhu.edu/~ccb/wikitrans/ur/2010-03-03T2323/txt_img/BBC_URD_20090103.0021__6.png","including the design of the bomb and information collected from conversations with Chinese scientists.","BBC_URD_20090103.0021__7","seg","انہوں نے مزید کہا کہ یہی وجہ تھی کہ انیس سو اٹھانوے میں پاکستان صرف دو ہفتوں اور تین دن کے اندر بھارت کے جوہری تجربے کے جواب میں جوہری تجربہ کرنے کے قابل ہو گیا تھا۔","http://cs.jhu.edu/~ccb/wikitrans/ur/2010-03-03T2323/txt_img/BBC_URD_20090103.0021__7.png","He said that this is why Pakistan was able to respond in 1998 to India&#39;s nuclear test with their own test only two weeks and three days later.","BBC_URD_20090103.0021__8","seg","تھامس ریڈ نے یاد دلایا کہ انیس سو اکسٹھ میں روس نے اچانک جوہری تجربہ کیا تھا اور اس کے جواب میں امریکہ کو تجربہ کرنے میں سترہ دن لگے تھے باوجود اس امر کہ امریکہ کے پاس بہت عرصے سے یہ بم موجود تھا۔","http://cs.jhu.edu/~ccb/wikitrans/ur/2010-03-03T2323/txt_img/BBC_URD_20090103.0021__8.png","Thomas Reed reminded the interviewer how&#44; when Russia conducted a nuclear test in 1961&#44; America responded with its own test only 17 days later&#44; despite the fact that it had had the bomb for quite some time.","Bangalore","23","Karnataka","It was fun..","15","yes","Mozilla/5.0 (Windows; U; Windows NT 6.0; en-US) AppleWebKit/532.5 (KHTML, like Gecko) Chrome/4.1.249.1025 Safari/532.5","India","Professor Elizabeth Gardner said that those who are dieting are not only sooner affected by the flu, but also take longer to recover.","yes","She also said that those who have taken flu vaccines should also avoid dieting for a few months during the winter.","","First nuclear test was done in 1990","Thomas Reid, who worked in the Leur National Laboratory as a weapon designer had written this book with the help of Los Alamos National Laboratory's former Technical Intelligence Director, Danny Staleman.","en-US","In this book, called 'Nuclear Express', the political history of the bomb and its spread, both the authors claim that whichever country made an atom bomb either stole the nuclear secrets from another country or they got help from a nuclear power.","Thomas Reid reminded that in 1961, Russia suddenly performed a nuclear test, in response to which America took 17 days to preform a test, despite having this bomb for a long time.","Thomas Reid said in an interview with US News, that China tested Pakistan's first atom bomb in 1990, during the term of the Prime Minister Benazir Bhutto.","Thomas Reid said that due to many factors, he is certain that China tested Pakistan's first nuclear bomb.","no","Among the factors are the design of the bomb, and information he gathered from Chinese scientists.","He further added that that was the reason that Pakistan was able to reply to India's Nuclear test with a nuclear test in just 2 weeks and 3 days."
"16ZI36JOPOZHFT899PT1D2Z99BTEMS","1ROKS94GC46Y4P5VZP86HKLCVEQUMX","Urdu to English Translation","Translate 10 Urdu sentences into English","Urdu, English, translation, writing, Wikipedia, WikiTrans, machine translation, research","$1.00","Thu Mar 04 05:23:24 GMT 2010","3","","86400","604800","Thu Mar 11 05:23:24 GMT 2010","34","","1D7DO175HA4IDE5PYBIFRC6VOEE4VR","A28Z6A8UC4ER3X","Approved","Thu Mar 04 07:21:35 GMT 2010","Thu Mar 04 09:47:57 GMT 2010","Thu Mar 11 09:47:57 GMT 2010","2010/03/04 12:58:50 +0000","","","8782","ur-en","BBC_URD_20090103.0021__9","seg","انہوں نے مزید کہا کہ مئی انیس سو اٹھانوے میں پاکستان نے جس ایٹم بم کا تجربہ کیا تھا وہ بہت احتیاط سے بنا ہوا تھا اور اس پر پاکستانی سائنسدانوں پر پورا اعتماد تھا۔","http://cs.jhu.edu/~ccb/wikitrans/ur/2010-03-03T2323/txt_img/BBC_URD_20090103.0021__9.png","He added that the nuclear bomb&#44; which Pakistan tested in May 1998&#44; was very carefully made and Pakistani scientists had full confidence in it.","BBC_URD_20090103.0021__10","seg","تھامس ریڈ سے جب یہ سوال کیا گیا کہ چین نے جوہری ٹیکنالوجی پاکستان کو فراہم کی تو انہوں نے جواب میں کہا کیونکہ  بھارت چین اور پاکستان کا مشترکہ دشمن تھا۔","http://cs.jhu.edu/~ccb/wikitrans/ur/2010-03-03T2323/txt_img/BBC_URD_20090103.0021__10.png","When Thomas Reed was asked why China would provide Pakistan with nuclear technology&#44; he responded that it is because India is a common enemy to both Pakistan and China.","BBC_URD_20090103.0021__11","seg","انہوں نے کہا کہ اس کا ثبوت بھی موجود ہے کہ ڈاکٹر عبدالقدیر خان نے چینی ڈیزائن ہی استعمال کیا اس کے علاوہ بعد میں جو دستاویزات لیبیا سے حاصل کیئے گئے ان سے بھی اس بات کی تصدیق ہوتی ہے۔","http://cs.jhu.edu/~ccb/wikitrans/ur/2010-03-03T2323/txt_img/BBC_URD_20090103.0021__11.png","He said that there is evidence that Dr. Abdul Qadir Khan used the Chinese design&#44; and that this was later verified through documents acquired from Libya.","BBC_URD_20090103.0021__12","seg","ایک اور سوال پر کہ کیا مشترکہ طور پر جوہری تجربات کرنا عام ہے تو انہوں نے کہا انیس سونوے میں امریکہ نے نوایڈا کے صحرا میں کھلے بندوں برطانیہ کے لیے جوہری تجربہ کیا تھا۔","http://cs.jhu.edu/~ccb/wikitrans/ur/2010-03-03T2323/txt_img/BBC_URD_20090103.0021__12.png","When asked whether it is common for countries to collaborate in nuclear testing&#44; he gave the example of how America expressly conducted a nuclear test for Britain in 1990 in the Nevada desert.","BBC_URD_20090103.0021__13","seg","انہوں نے کہ ہم یہ قیاس آرائیاں بھی کرتے ہیں کہ اسرائیل کو بھی اس تجربے کے نتائج تک رسائی فراہم کی گئی۔","http://cs.jhu.edu/~ccb/wikitrans/ur/2010-03-03T2323/txt_img/BBC_URD_20090103.0021__13.png","He said they also speculate that Israel was provided access to the results of this test.","BBC_URD_20090103.0021__14","seg","تھامس ریڈ سے یہ سوال بھی کیا گیا کہ کیا چین کا جوہری پھیلاؤ کا پروگرام جاری ہے۔","http://cs.jhu.edu/~ccb/wikitrans/ur/2010-03-03T2323/txt_img/BBC_URD_20090103.0021__14.png","Reed was also asked whether China has plans for continued nuclear expansion.","BBC_URD_20090103.0021__15","seg","اس پر تھامس ریڈ نے کہا کہ انیس سو اکانوے سے چین ایران کے شہر اسفہان میں قائم جوہری تنصیب کے لیے خام مال، ہدایات اور ڈیزائین فراہم کرتا رہا  ہے۔","http://cs.jhu.edu/~ccb/wikitrans/ur/2010-03-03T2323/txt_img/BBC_URD_20090103.0021__15.png","He responded that China has been providing raw materials&#44; guidelines&#44; and designs for nuclear installation in the Iranian city of Isfahan since 1991&#44;","BBC_URD_20090103.0021__16","seg","اس کے علاوہ چین نے ایران کو خیرج میں افزودگی کا پلانٹ بھی فراہم کیا۔","http://cs.jhu.edu/~ccb/wikitrans/ur/2010-03-03T2323/txt_img/BBC_URD_20090103.0021__16.png","and has provided Iran with a production plant in Karaj.","BBC_URD_20090103.0021__17","seg","انہوں نے کہا کہ چین شمال کوریا کے ذریعے ایران، شام، پاکستان، مصر، لیبیا اور یمن کو جوہری ٹیکنالوجی فراہم کرتا رہا ہے۔","http://cs.jhu.edu/~ccb/wikitrans/ur/2010-03-03T2323/txt_img/BBC_URD_20090103.0021__17.png","He said that China has been providing nuclear technology to Iran&#44; Syria&#44; Pakistan&#44; Egypt&#44; Libya and Yemen through North Korea.","BBC_URD_20090103.0024__1","hl","سن 2008 میڈونا کے لیے بہترین","http://cs.jhu.edu/~ccb/wikitrans/ur/2010-03-03T2323/txt_img/BBC_URD_20090103.0024__1.png","2008: A Great Year for Madonna","Faisalabad","25","Punjab","Please Contact me if more translation is required in English to Urdu or vice versa.","7","yes","Mozilla/5.0 (Windows; U; Windows NT 5.1; en-US; rv:1.9.2) Gecko/20100115 Firefox/3.6","Pakistan","He further said that the test of the Atom Bomb which Pakistan conducted on May 28, 1998, was made with extreme care and Pakistani scientists had complete confidence in it.","yes","When Thomas Reeds was questioned that China provided nuclear technology to Pakistan then he said in reply that because India was a common enemy for Pakistan and China.","","He said that there is a proof to this too that Doctor Abdul Qadeer Khan used Chinese design and after this the documents which were acquired from Libia also confirms this statement.","On a one more question that doing combined nuclear tests is common then he said that in 1990 America conducted a nuclear test for Britain on open belt in Nevada desert.","en-US","He said that we guess that too that Israel was given access to the results of this test.","Year 2008 Best for Madonna","Thomas Reed was also questioned that Is the Chinese Nuclear spread program is continuing?","On this Thomas Reed said that china has been supplying raw material, instructions and design to nuclear facility in Iran's city Isfahan since 1990.","no","Other than that china also provided Iran a nuclear enrichment plant.","He said that China has been providing nuclear technology to Iran, Syria, Pakistan, Egypt, Libia and Yemen thorough North Korea."
"16ZI36JOPOZHFT899PT1D2Z99BTEMS","1ROKS94GC46Y4P5VZP86HKLCVEQUMX","Urdu to English Translation","Translate 10 Urdu sentences into English","Urdu, English, translation, writing, Wikipedia, WikiTrans, machine translation, research","$1.00","Thu Mar 04 05:23:24 GMT 2010","3","","86400","604800","Thu Mar 11 05:23:24 GMT 2010","34","","1GMFLQHLOUYICQFRIVXNM1FS4EZ6KS","A1WYSSW33M2FZ2","Approved","Tue Mar 09 17:51:30 GMT 2010","Tue Mar 09 20:05:51 GMT 2010","Tue Mar 16 20:05:51 GMT 2010","2010/03/10 14:33:22 +0000","","","8061","ur-en","BBC_URD_20090103.0021__9","seg","انہوں نے مزید کہا کہ مئی انیس سو اٹھانوے میں پاکستان نے جس ایٹم بم کا تجربہ کیا تھا وہ بہت احتیاط سے بنا ہوا تھا اور اس پر پاکستانی سائنسدانوں پر پورا اعتماد تھا۔","http://cs.jhu.edu/~ccb/wikitrans/ur/2010-03-03T2323/txt_img/BBC_URD_20090103.0021__9.png","He added that the nuclear bomb&#44; which Pakistan tested in May 1998&#44; was very carefully made and Pakistani scientists had full confidence in it.","BBC_URD_20090103.0021__10","seg","تھامس ریڈ سے جب یہ سوال کیا گیا کہ چین نے جوہری ٹیکنالوجی پاکستان کو فراہم کی تو انہوں نے جواب میں کہا کیونکہ  بھارت چین اور پاکستان کا مشترکہ دشمن تھا۔","http://cs.jhu.edu/~ccb/wikitrans/ur/2010-03-03T2323/txt_img/BBC_URD_20090103.0021__10.png","When Thomas Reed was asked why China would provide Pakistan with nuclear technology&#44; he responded that it is because India is a common enemy to both Pakistan and China.","BBC_URD_20090103.0021__11","seg","انہوں نے کہا کہ اس کا ثبوت بھی موجود ہے کہ ڈاکٹر عبدالقدیر خان نے چینی ڈیزائن ہی استعمال کیا اس کے علاوہ بعد میں جو دستاویزات لیبیا سے حاصل کیئے گئے ان سے بھی اس بات کی تصدیق ہوتی ہے۔","http://cs.jhu.edu/~ccb/wikitrans/ur/2010-03-03T2323/txt_img/BBC_URD_20090103.0021__11.png","He said that there is evidence that Dr. Abdul Qadir Khan used the Chinese design&#44; and that this was later verified through documents acquired from Libya.","BBC_URD_20090103.0021__12","seg","ایک اور سوال پر کہ کیا مشترکہ طور پر جوہری تجربات کرنا عام ہے تو انہوں نے کہا انیس سونوے میں امریکہ نے نوایڈا کے صحرا میں کھلے بندوں برطانیہ کے لیے جوہری تجربہ کیا تھا۔","http://cs.jhu.edu/~ccb/wikitrans/ur/2010-03-03T2323/txt_img/BBC_URD_20090103.0021__12.png","When asked whether it is common for countries to collaborate in nuclear testing&#44; he gave the example of how America expressly conducted a nuclear test for Britain in 1990 in the Nevada desert.","BBC_URD_20090103.0021__13","seg","انہوں نے کہ ہم یہ قیاس آرائیاں بھی کرتے ہیں کہ اسرائیل کو بھی اس تجربے کے نتائج تک رسائی فراہم کی گئی۔","http://cs.jhu.edu/~ccb/wikitrans/ur/2010-03-03T2323/txt_img/BBC_URD_20090103.0021__13.png","He said they also speculate that Israel was provided access to the results of this test.","BBC_URD_20090103.0021__14","seg","تھامس ریڈ سے یہ سوال بھی کیا گیا کہ کیا چین کا جوہری پھیلاؤ کا پروگرام جاری ہے۔","http://cs.jhu.edu/~ccb/wikitrans/ur/2010-03-03T2323/txt_img/BBC_URD_20090103.0021__14.png","Reed was also asked whether China has plans for continued nuclear expansion.","BBC_URD_20090103.0021__15","seg","اس پر تھامس ریڈ نے کہا کہ انیس سو اکانوے سے چین ایران کے شہر اسفہان میں قائم جوہری تنصیب کے لیے خام مال، ہدایات اور ڈیزائین فراہم کرتا رہا  ہے۔","http://cs.jhu.edu/~ccb/wikitrans/ur/2010-03-03T2323/txt_img/BBC_URD_20090103.0021__15.png","He responded that China has been providing raw materials&#44; guidelines&#44; and designs for nuclear installation in the Iranian city of Isfahan since 1991&#44;","BBC_URD_20090103.0021__16","seg","اس کے علاوہ چین نے ایران کو خیرج میں افزودگی کا پلانٹ بھی فراہم کیا۔","http://cs.jhu.edu/~ccb/wikitrans/ur/2010-03-03T2323/txt_img/BBC_URD_20090103.0021__16.png","and has provided Iran with a production plant in Karaj.","BBC_URD_20090103.0021__17","seg","انہوں نے کہا کہ چین شمال کوریا کے ذریعے ایران، شام، پاکستان، مصر، لیبیا اور یمن کو جوہری ٹیکنالوجی فراہم کرتا رہا ہے۔","http://cs.jhu.edu/~ccb/wikitrans/ur/2010-03-03T2323/txt_img/BBC_URD_20090103.0021__17.png","He said that China has been providing nuclear technology to Iran&#44; Syria&#44; Pakistan&#44; Egypt&#44; Libya and Yemen through North Korea.","BBC_URD_20090103.0024__1","hl","سن 2008 میڈونا کے لیے بہترین","http://cs.jhu.edu/~ccb/wikitrans/ur/2010-03-03T2323/txt_img/BBC_URD_20090103.0024__1.png","2008: A Great Year for Madonna","Riyadh","27","Ar Riyad","","20","yes","Mozilla/5.0 (Windows; U; Windows NT 5.1; en-US; rv:1.9.0.18) Gecko/2010020220 Firefox/3.0.18 GTB6","Saudi Arabia","He further said that in May 1998, the atom bomb that Pakistan tested was made with a lot of care and Pakistani scientists were completely trusted for it.","yes","When Thomas Reed was asked this question that China supplied atomic technology to Pakistan so he said in his answer that India is a mutual enemy of Pakistan and China.","","He said that its evidence is also present that Dr. Abdul Qadir Khan has used the Chinese model. Later the documents received from Libya also confirm this.","Another question that is it common to do nuclear experiments mutually. Then he said that Anees Sonway openly performed a nuclear experiment in the desert of Nevada for Britain.","en-US","He said that we also predict that Israel also has access to the results of this experiment.","Year 2008 the most successful for Madonna.","Thomas Reeds was also asked if China is continuing nuclear proliferation?","On this Thomas Reeds said that China has been supplying raw material, instructions and the design to a nuclear facility of Iran in its city Asfahan.","no","Apart from this, China has also provided Iran with an enrichment plant in Kheeraj.","He said that China had been providing nuclear technology to Iran, Rome, Pakistan, Egypt, Libya and Yemen via North Korea."
